seller_rank,seller_address,service_category,weekly_volume_usd,market_share_pct,cumulative_share_pct
1,0x6b86b273ff34fce19d6b804eff5a3f5747ada4ea,reasoning,79980.8,9.6946,9.6946
2,0xd4735e3a265e16eee03f59718b9b5d03019c07d8,data,42117.93,5.1052,14.7998
3,0x4e07408562bedb8b60ce05c1decfe3ad16b72230,data,39536.93,4.7924,19.5922
4,0x4b227777d4dd1fc61c6f884f48641d02b4d121d3,reasoning,37888.27,4.5925,24.1847
5,0xef2d127de37b942baad06145e54b0c619a1f2232,media,19407.12,2.3524,26.5371
6,0xe7f6c011776e8db7cd330b54174fd76f7d0216b6,media,16413.92,1.9896,28.5267
7,0x7902699be42c8a8e46fbbb4501726517e86b22c5,search,15782.36,1.913,30.4397
8,0x2c624232cdd221771294dfbb310aca000a0df6ac,media,15379.33,1.8642,32.3038
9,0x19581e27de7ced00ff1ce50b2047e7a567c76b1c,media,12084.49,1.4648,33.7686
10,0x4a44dc15364204a80fe80e9039455cc160828182,reasoning,10983.65,1.3314,35.1
11,0x4fc82b26aecb47d2868c4efbe3581732a3e7cbcc,search,7804.88,0.946,36.046
12,0x6b51d431df5d7f141cbececcf79edf3dd861c3b4,data,7690.57,0.9322,36.9782
13,0x3fdba35f04dc8c462986c992bcf8755462571130,data,7224.15,0.8757,37.8539
14,0x8527a891e224136950ff32ca212b45bc93f69fbb,media,7198.39,0.8725,38.7264
15,0xe629fa6598d732768f7c726b4b621285f9c3b853,data,7121.67,0.8632,39.5896
16,0xb17ef6d19c7a5b1ee83b907c595526dcb1eb06db,data,6242.38,0.7567,40.3463
17,0x4523540f1504cd17100c4835e85b7eefd4991158,search,5985.25,0.7255,41.0718
18,0x4ec9599fc203d176a301536c2e091a19bc852759,social,5664.0,0.6865,41.7583
19,0x9400f1b21cb527d7fa3d3eabba93557a18ebe7a2,infrastructure,5579.71,0.6763,42.4346
20,0xf5ca38f748a1d6eaf726b8a42fb575c3c71f1864,data,5573.85,0.6756,43.1103
21,0x6f4b6612125fb3a0daecd2799dfd6c9c299424fd,data,5484.36,0.6648,43.775
22,0x785f3ec7eb32f30b90cd0fcf3657d388b5ff4297,search,5461.42,0.662,44.437
23,0x535fa30d7e25dd8a49f1536779734ec8286108d1,reasoning,4948.78,0.5999,45.0369
24,0xc2356069e9d1e79ca924378153cfbbfb4d4416b1,social,4796.64,0.5814,45.6183
25,0xb7a56873cd771f2c446d369b649430b65a756ba2,data,4553.22,0.5519,46.1702
26,0x5f9c4ab08cac7457e9111a30e4664920607ea2c1,reasoning,4540.37,0.5503,46.7205
27,0x670671cd97404156226e507973f2ab8330d3022c,reasoning,4360.31,0.5285,47.2491
28,0x59e19706d51d39f66711c2653cd7eb1291c94d9b,social,4337.34,0.5257,47.7748
29,0x35135aaa6cc23891b40cb3f378c53a17a1127210,reasoning,4215.57,0.511,48.2858
30,0x624b60c58c9d8bfb6ff1886c2fd605d2adeb6ea4,reasoning,4057.17,0.4918,48.7776
31,0xeb1e33e8a81b697b75855af6bfcdbcbf7cbbde9f,data,4017.52,0.487,49.2645
32,0xe29c9c180c6279b0b02abd6a1801c7c04082cf48,reasoning,3842.57,0.4658,49.7303
33,0xc6f3ac57944a531490cd39902d0f777715fd005e,reasoning,3815.2,0.4624,50.1927
34,0x86e50149658661312a9e0b35558d84f6c6d3da79,search,3698.06,0.4482,50.641
35,0x9f14025af0065b30e47e23ebb3b491d39ae8ed17,reasoning,3668.14,0.4446,51.0856
36,0x76a50887d8f1c2e9301755428990ad81479ee21c,social,3616.67,0.4384,51.524
37,0x7a61b53701befdae0eeeffaecc73f14e20b537bb,social,3447.73,0.4179,51.9419
38,0xaea92132c4cbeb263e6ac2bf6c183b5d81737f17,data,3318.97,0.4023,52.3442
39,0x0b918943df0962bc7a1824c0555a389347b4febd,reasoning,3220.47,0.3904,52.7346
40,0xd59eced1ded07f84c145592f65bdf854358e009c,media,3171.28,0.3844,53.119
41,0x3d914f9348c9cc0ff8a79716700b9fcd4d2f3e71,reasoning,3125.2,0.3788,53.4978
42,0x73475cb40a568e8da8a045ced110137e159f890a,data,3115.77,0.3777,53.8754
43,0x44cb730c420480a0477b505ae68af508fb90f96c,infrastructure,3028.2,0.3671,54.2425
44,0x71ee45a3c0db9a9865f7313dd3372cf60dca6479,trading,3019.71,0.366,54.6085
45,0x811786ad1ae74adfdd20dd0372abaaebc6246e34,search,2977.42,0.3609,54.9694
46,0x25fc0e7096fc653718202dc30b0c580b8ab87eac,reasoning,2854.29,0.346,55.3154
47,0x31489056e0916d59fe3add79e63f095af3ffb816,media,2741.95,0.3324,55.6478
48,0x98010bd9270f9b100b6214a21754fd33bdc8d41b,search,2708.12,0.3283,55.976
49,0x0e17daca5f3e175f448bacace3bc0da47d0655a7,data,2702.65,0.3276,56.3036
50,0x1a6562590ef19d1045d06c4055742d38288e9e6d,media,2701.24,0.3274,56.631
51,0x031b4af5197ec30a926f48cf40e11a7dbc470048,reasoning,2669.84,0.3236,56.9546
52,0x41cfc0d1f2d127b04555b7246d84019b4d27710a,reasoning,2658.99,0.3223,57.2769
53,0x2858dcd1057d3eae7f7d5f782167e24b61153c01,data,2652.51,0.3215,57.5985
54,0x2fca346db656187102ce806ac732e06a62df0dbb,reasoning,2650.02,0.3212,57.9197
55,0x02d20bbd7e394ad5999a4cebabac9619732c343a,reasoning,2610.72,0.3165,58.2361
56,0x7688b6ef52555962d008fff894223582c484517c,social,2573.28,0.3119,58.548
57,0xc837649cce43f2729138e72cc315207057ac8259,trading,2487.87,0.3016,58.8496
58,0x6208ef0f7750c111548cf90b6ea1d0d0a66f6bff,data,2481.62,0.3008,59.1504
59,0x3e1e967e9b793e908f8eae83c74dba9bcccce6a5,social,2464.41,0.2987,59.4491
60,0x39fa9ec190eee7b6f4dff1100d6343e10918d044,trading,2448.37,0.2968,59.7459
61,0xd029fa3a95e174a19934857f535eb9427d967218,reasoning,2438.45,0.2956,60.0415
62,0x81b8a03f97e8787c53fe1a86bda042b6f0de9b0e,data,2416.93,0.293,60.3344
63,0xda4ea2a5506f2693eae190d9360a1f31793c98a1,data,2416.8,0.2929,60.6274
64,0xa68b412c4282555f15546cf6e1fc42893b7e07f2,reasoning,2408.47,0.2919,60.9193
65,0x108c995b953c8a35561103e2014cf828eb654a99,search,2393.14,0.2901,61.2094
66,0x3ada92f28b4ceda38562ebf047c6ff05400d4c57,data,2387.74,0.2894,61.4988
67,0x49d180ecf56132819571bf39d9b7b342522a2ac6,data,2337.85,0.2834,61.7822
68,0xa21855da08cb102d1d217c53dc5824a3a795c1c1,reasoning,2337.63,0.2833,62.0655
69,0xc75cb66ae28d8ebc6eded002c28a8ba0d06d3a78,reasoning,2299.23,0.2787,62.3442
70,0xff5a1ae012afa5d4c889c50ad427aaf545d31a4f,infrastructure,2259.5,0.2739,62.6181
71,0x7f2253d7e228b22a08bda1f09c516f6fead81df6,reasoning,2259.29,0.2739,62.892
72,0x8722616204217eddb39e7df969e0698aed8e599b,reasoning,2218.56,0.2689,63.1609
73,0x96061e92f58e4bdcdee73df36183fe3ac64747c8,reasoning,2183.29,0.2646,63.4255
74,0xeb624dbe56eb6620ae62080c10a273cab73ae8ec,data,2178.91,0.2641,63.6896
75,0xf369cb89fc627e668987007d121ed1eacdc01db9,media,2108.93,0.2556,63.9453
76,0xf74efabef12ea619e30b79bddef89cffa9dda494,data,2079.28,0.252,64.1973
77,0xa88a7902cb4ef697ba0b6759c50e8c10297ff58f,reasoning,2056.46,0.2493,64.4466
78,0x349c41201b62db851192665c504b350ff98c6b45,reasoning,1984.63,0.2406,64.6871
79,0x98a3ab7c340e8a033e7b37b6ef9428751581760a,social,1952.9,0.2367,64.9238
80,0x48449a14a4ff7d79bb7a1b6f3d488eba397c36ef,media,1882.13,0.2281,65.152
81,0x5316ca1c5ddca8e6ceccfce58f3b8540e540ee22,media,1871.18,0.2268,65.3788
82,0xa46e37632fa6ca51a13fe39a567b3c23b28c2f47,media,1850.74,0.2243,65.6031
83,0xbbb965ab0c80d6538cf2184babad2a564a010376,search,1754.47,0.2127,65.8158
84,0x44c8031cb036a7350d8b9b8603af662a4b9cdbd2,reasoning,1753.95,0.2126,66.0284
85,0xb4944c6ff08dc6f43da2e9c824669b7d927dd1fa,data,1693.38,0.2053,66.2336
86,0x434c9b5ae514646bbd91b50032ca579efec8f22b,data,1686.84,0.2045,66.4381
87,0xbdd2d3af3a5a1213497d4f1f7bfcda898274fe9c,data,1684.92,0.2042,66.6423
88,0x8b940be7fb78aaa6b6567dd7a3987996947460df,social,1681.39,0.2038,66.8461
89,0xcd70bea023f752a0564abb6ed08d42c1440f2e33,data,1665.36,0.2019,67.048
90,0x69f59c273b6e669ac32a6dd5e1b2cb63333d8b00,search,1658.62,0.201,67.249
91,0x1da51b8d8ff98f6a48f80ae79fe3ca6c26e1abb7,social,1608.16,0.1949,67.444
92,0x8241649609f88ccd2a0a5b233a07a538ec313ff6,data,1565.52,0.1898,67.6337
93,0x6e4001871c0cf27c7634ef1dc478408f642410fd,infrastructure,1564.66,0.1897,67.8234
94,0xe3d6c4d4599e00882384ca981ee287ed961fa5f3,media,1559.78,0.1891,68.0124
95,0xad48ff99415b2f007dc35b7eb553fd1eb35ebfa2,social,1525.04,0.1849,68.1973
96,0x7b1a278f5abe8e9da907fc9c29dfd432d60dc76e,data,1523.15,0.1846,68.3819
97,0xd6d824abba4afde81129c71dea75b8100e96338d,data,1488.54,0.1804,68.5624
98,0x29db0c6782dbd5000559ef4d9e953e300e2b479e,data,1471.56,0.1784,68.7407
99,0x8c1f1046219ddd216a023f792356ddf127fce372,reasoning,1465.9,0.1777,68.9184
100,0xad57366865126e55649ecb23ae1d48887544976e,data,1455.14,0.1764,69.0948
101,0x16dc368a89b428b2485484313ba67a3912ca03f2,infrastructure,1442.85,0.1749,69.2697
102,0x37834f2f25762f23e1f74a531cbe445db73d6765,media,1442.78,0.1749,69.4446
103,0x454f63ac30c8322997ef025edff6abd23e0dbe7b,reasoning,1430.43,0.1734,69.618
104,0x5ef6fdf32513aa7cd11f72beccf132b9224d33f2,data,1389.05,0.1684,69.7863
105,0x1253e9373e781b7500266caa55150e08e210bc8c,reasoning,1388.87,0.1683,69.9547
106,0x482d9673cfee5de391f97fde4d1c84f9f8d6f2cf,reasoning,1385.41,0.1679,70.1226
107,0x3346f2bbf6c34bd2dbe28bd1bb657d0e9c37392a,infrastructure,1365.24,0.1655,70.2881
108,0x9537f32ec7599e1ae953af6c9f929fe747ff9dad,data,1361.05,0.165,70.4531
109,0x0fd42b3f73c448b34940b339f87d07adf116b05c,reasoning,1323.84,0.1605,70.6135
110,0x9bdb2af6799204a299c603994b8e400e4b1fd625,media,1311.66,0.159,70.7725
111,0xf6e0a1e2ac41945a9aa7ff8a8aaa0cebc12a3bcc,reasoning,1301.73,0.1578,70.9303
112,0xb1556dea32e9d0cdbfed038fd7787275775ea409,reasoning,1285.62,0.1558,71.0861
113,0x6c658ee83fb7e812482494f3e416a876f63f418a,search,1283.92,0.1556,71.2418
114,0x9f1f9dce319c4700ef28ec8c53bd3cc8e6abe64c,media,1275.59,0.1546,71.3964
115,0x28dae7c8bde2f3ca608f86d0e16a214dee74c74b,trading,1268.7,0.1538,71.5502
116,0xe5b861a6d8a966dfca7e7341cd3eb6be9901688d,media,1263.21,0.1531,71.7033
117,0x2ac878b0e2180616993b4b6aa71e61166fdc86c2,data,1262.12,0.153,71.8563
118,0x85daaf6f7055cd5736287faed9603d712920092c,search,1262.0,0.153,72.0092
119,0x3038bfb575bee6a0e61945eff8784835bb2c7206,infrastructure,1254.85,0.1521,72.1613
120,0x2abaca4911e68fa9bfbf3482ee797fd5b9045b84,search,1254.58,0.1521,72.3134
121,0x89aa1e580023722db67646e8149eb246c748e180,trading,1244.65,0.1509,72.4643
122,0x1be00341082e25c4e251ca6713e767f7131a2823,search,1242.87,0.1507,72.6149
123,0xa665a45920422f9d417e4867efdc4fb8a04a1f3f,social,1239.29,0.1502,72.7651
124,0x6affdae3b3c1aa6aa7689e9b6a7b3225a636aa1a,reasoning,1238.3,0.1501,72.9152
125,0x0f8ef3377b30fc47f96b48247f463a726a802f62,search,1215.36,0.1473,73.0625
126,0x65a699905c02619370bcf9207f5a477c3d67130c,data,1208.61,0.1465,73.209
127,0x922c7954216ccfe7a61def609305ce1dc7c67e22,data,1204.65,0.146,73.3551
128,0x2747b7c718564ba5f066f0523b03e17f6a496b06,media,1202.94,0.1458,73.5009
129,0x6566230e3a3ce3774c1bbc7c18b590ae0f457bbc,trading,1199.7,0.1454,73.6463
130,0x38d66d9692ac590000a91b03a88da1c88d51fab2,trading,1193.74,0.1447,73.791
131,0xeeca91fd439b6d5e827e8fda7fee35046f2def93,reasoning,1174.54,0.1424,73.9334
132,0xdbb1ded63bc70732626c5dfe6c7f50ced3d560e9,search,1173.46,0.1422,74.0756
133,0xd2f483672c0239f6d7dd3c9ecee6deacbcd59185,search,1161.99,0.1408,74.2164
134,0x5d389f5e2e34c6b0bad96581c22cee0be36dcf62,data,1159.68,0.1406,74.357
135,0x13671077b66a29874a2578b5240319092ef2a104,reasoning,1151.19,0.1395,74.4965
136,0x36ebe205bcdfc499a25e6923f4450fa8d48196ce,reasoning,1142.08,0.1384,74.635
137,0xd80eae6e96d148b3b2abbbc6760077b66c4ea071,search,1133.45,0.1374,74.7724
138,0xd6a4031733610bb080d0bfa794fcc9dbdcff7483,data,1123.74,0.1362,74.9086
139,0x8d27ba37c5d810106b55f3fd6cdb35842007e887,trading,1107.42,0.1342,75.0428
140,0xdbae772db29058a88f9bd830e957c695347c41b6,data,1103.26,0.1337,75.1765
141,0x2c7d5490e6050836f8f2f0d496b1c8d6a38d4ffa,trading,1092.31,0.1324,75.3089
142,0xd4ee9f58e5860574ca98e3b4839391e7a356328d,data,1088.05,0.1319,75.4408
143,0xd6f0c71ef0c88e45e4b3a2118fcb83b0def392d7,search,1059.74,0.1285,75.5693
144,0x5ec1a0c99d428601ce42b407ae9c675e0836a8ba,reasoning,1058.2,0.1283,75.6975
145,0xbe47addbcb8f60566a3d7fd5a36f8195798e2848,data,1056.18,0.128,75.8256
146,0x0a5b046d07f6f971b7776de682f57c5b9cdc8fa0,search,1052.99,0.1276,75.9532
147,0x1d28c120568c10e19b9d8abe8b66d0983fa3d2e1,infrastructure,1052.8,0.1276,76.0808
148,0xec2e990b934dde55cb87300629cedfc21b15cd28,social,1051.09,0.1274,76.2082
149,0x05ada863a4cf9660fd8c68e2295f1d35b2264815,reasoning,1047.82,0.127,76.3352
150,0x9ae2bdd7beedc2e766c6b76585530e1692511570,data,1039.22,0.126,76.4612
151,0x8e612bd1f5d132a339575b8dafb7842c64614e56,reasoning,1037.67,0.1258,76.587
152,0x043066daf2109523a7490d4bfad4766da5719950,reasoning,1036.48,0.1256,76.7126
153,0x620c9c332101a5bae955c66ae72268fbcd397276,media,1034.81,0.1254,76.838
154,0x1d0ebea552eb43d0b1e1561f6de8ae92e3de7f1a,search,1032.31,0.1251,76.9632
155,0x210e3b160c355818509425b9d9e9fd3ea2e287f2,search,1031.45,0.125,77.0882
156,0x0fecf9247f3ddc84db8a804fa3065c013baf6b7c,social,1021.12,0.1238,77.212
157,0xc75de23d89df36ba921287616ee8edb4c986e328,search,1014.13,0.1229,77.3349
158,0x7ed8f0f3b707956d9fb1e889e11153e0aa0a8549,search,1010.81,0.1225,77.4574
159,0xff2ccb6ba423d356bd549ed4bfb76e96976a0dcd,reasoning,1003.5,0.1216,77.579
160,0xa512db2741cd20693e4b16f19891e72b9ff12cea,reasoning,993.06,0.1204,77.6994
161,0xbb668ca95563216088b98a62557fa1e26802563f,media,989.49,0.1199,77.8194
162,0x79d6eaa2676189eb927f2e16a70091474078e211,social,985.6,0.1195,77.9388
163,0x3d3286f7cd19074f04e514b0c6c237e757513fb3,reasoning,976.28,0.1183,78.0572
164,0x3f9807cb9ae9fb6c30942af6139909d27753a5e0,data,971.54,0.1178,78.1749
165,0xbc52dd634277c4a34a2d6210994a9a5e2ab6d33b,media,970.42,0.1176,78.2925
166,0xe0f05da93a0f5a86a3be5fc0e301606513c9f7e5,reasoning,967.42,0.1173,78.4098
167,0x73d3f1ba062585bce51f77d70a26be88c44b55d7,data,966.16,0.1171,78.5269
168,0x80c3cd40fa35f9088b8741bd8be6153de05f661c,social,965.87,0.1171,78.644
169,0xf57e5cb1f4532c008183057ecc94283801fcb5af,media,964.96,0.117,78.761
170,0x734d0759cdb4e0d0a35e4fd73749aee287e4fdcc,reasoning,964.8,0.1169,78.8779
171,0x284de502c9847342318c17d474733ef468fbdbe2,social,960.82,0.1165,78.9944
172,0x68519a9eca55c68c72658a2a1716aac3788c2898,data,960.19,0.1164,79.1108
173,0x4a8596a7790b5ca9e067da401c018b3206befbcf,social,960.0,0.1164,79.2271
174,0x41e521adf8ae7a0f419ee06e1d9fb79416236923,reasoning,947.35,0.1148,79.3419
175,0xdac53c17c250fd4d4d81eaf6d88435676dac1f3f,media,932.12,0.113,79.4549
176,0xcba28b89eb859497f544956d64cf2ecf29b76fe2,data,929.98,0.1127,79.5677
177,0x8cd2510271575d8430c05368315a87b9c4784c73,reasoning,928.96,0.1126,79.6803
178,0x01d54579da446ae1e75cda808cd188438834fa62,social,928.29,0.1125,79.7928
179,0x3068430da9e4b7a674184035643d9e19af3dc748,reasoning,927.83,0.1125,79.9052
180,0x7b69759630f869f2723875f873935fed29d2d12b,reasoning,927.5,0.1124,80.0177
181,0x580811fa95269f3ecd4f22d176e079d360935736,data,913.55,0.1107,80.1284
182,0xbfa7634640c53da7cb5e9c39031128c4e583399f,search,913.34,0.1107,80.2391
183,0xb8aed072d29403ece56ae9641638ddd50d420f95,search,911.13,0.1104,80.3495
184,0x52f11620e397f867b7d9f19e48caeb64658356a6,trading,909.19,0.1102,80.4598
185,0x61a229bae1e90331edd986b6bbbe617f7035de88,reasoning,907.84,0.11,80.5698
186,0x2811745d7b8d8874f6e653d176cefdd19e05e920,data,906.79,0.1099,80.6797
187,0x38b2d03f3256502b1e9db02b2d12aa27a46033ff,reasoning,901.24,0.1092,80.7889
188,0xd6061bbee6cf13bd73765faaea7cdd0af1323e4b,media,899.98,0.1091,80.898
189,0x7045d16ae7f043ec25774a0a85d6f479e5bb019e,trading,890.61,0.108,81.006
190,0x2397346b45823e070f6fc72ac94c0a999d234c47,search,884.7,0.1072,81.1132
191,0x70260742c2952154c84e2ea9f68b1a7397f49b6d,media,880.6,0.1067,81.22
192,0xeb3be230bbd2844b1f5d8f2e4fab9ffba8ab22cf,data,879.5,0.1066,81.3266
193,0x684fe39f03758de6a882ae61fa62312b67e5b1e6,infrastructure,877.21,0.1063,81.4329
194,0x7559ca4a957c8c82ba04781cd66a68d6022229fc,data,873.6,0.1059,81.5388
195,0x1dfacb2ea5a03e0a915999e03b5a56196f1b1664,reasoning,871.35,0.1056,81.6444
196,0xb4bbe448fde336bb6a7d7d765f36d3327c772b84,data,870.35,0.1055,81.7499
197,0x8bcbb4c131df56f7c79066016241cc4bdf4e58db,reasoning,868.58,0.1053,81.8552
198,0xa4e00d7e6aa82111575438c5e5d3e63269d4c475,reasoning,868.19,0.1052,81.9604
199,0x5a39cadd1b007093db50744797c7a04a34f73b35,reasoning,861.17,0.1044,82.0648
200,0x27badc983df1780b60c2b3fa9d3a19a00e46aac7,data,860.71,0.1043,82.1691
201,0x43974ed74066b207c30ffd0fed5146762e6c6074,media,860.0,0.1042,82.2734
202,0xc17edaae86e4016a583e098582f6dbf3eccade8e,data,858.02,0.104,82.3774
203,0x4621c1d55fa4e86ce0dae4288302641baac86dd5,data,855.74,0.1037,82.4811
204,0xfc56dbc6d4652b315b86b71c8d688c1ccdea9c5f,infrastructure,854.6,0.1036,82.5847
205,0xf8809aff4d69bece79dabe35be0c708b890d7eaf,search,851.77,0.1032,82.6879
206,0x5cf4e26bd3d87da5e03f80a43a64f1220a1f4ba9,data,843.97,0.1023,82.7902
207,0x968076be2e38cf897d4d6cea3faca9c037e1a4e3,reasoning,836.56,0.1014,82.8916
208,0x8df66f64b57424391d363fd6b811fed3c430c775,social,829.51,0.1005,82.9922
209,0x83f814f7a92e365cbd79f9addceed185761a8d38,reasoning,820.31,0.0994,83.0916
210,0xd29d53701d3c859e29e1b90028eec1ca8e2f2943,data,819.55,0.0993,83.191
211,0x093434a3ee9e0a010bb2c2aae06c2614dd248940,infrastructure,803.91,0.0974,83.2884
212,0xfa2b7af0a811b9acde602aacb78e3638e8506dfe,data,803.82,0.0974,83.3858
213,0xd48ff4b2f68a10fd7c86f185a6ccede0dc0f2c48,search,796.89,0.0966,83.4824
214,0x802b906a18591ead8a6dd809b262ace4c65c16e8,media,794.9,0.0964,83.5788
215,0xd86580a57f7bf542e85202283cb845953c9d28f8,media,781.28,0.0947,83.6735
216,0x0f4121d0ef1df4c86854c7ebb47ae1c93de8aec8,reasoning,768.91,0.0932,83.7667
217,0x16badfc6202cb3f8889e0f2779b19218af4cbb73,reasoning,766.53,0.0929,83.8596
218,0x5966abd0cbfc86f98a186531b2b4ee5f6e910120,data,766.4,0.0929,83.9525
219,0x314f04b30f62e0056bd059354a5536fb2e302107,reasoning,764.39,0.0927,84.0451
220,0x36790ecd55c2030dc553685bef719df653f413a2,social,756.37,0.0917,84.1368
221,0x67e9c3acebb154a282f326d4ff1951cd1f342e58,reasoning,755.62,0.0916,84.2284
222,0x9b871512327c09ce91dd649b3f96a63b7408ef26,media,750.92,0.091,84.3194
223,0x56f4da26ed956730309fa1488611ee0f13b0ac95,search,737.0,0.0893,84.4088
224,0x84a5092e4a5b6fe968fd523fb2fc917dbffae441,search,729.45,0.0884,84.4972
225,0x0e6523810856a138a75dec70a9cf3778a5c70b83,data,728.06,0.0882,84.5854
226,0x8f1f64db81c40ea10e1e9080c9ae60a7acb89259,data,727.18,0.0881,84.6736
227,0xdfe62e836a0a6f2633422230c81287700a56e263,trading,720.78,0.0874,84.7609
228,0x9d693eeee1d1899cbc50b6d45df953d3835acf28,media,720.47,0.0873,84.8483
229,0x08490295488a1189099751ebeddb5992313dd2a8,search,719.1,0.0872,84.9354
230,0xa0eaec5a55dc2f5b2ba523018adc485ff620b9d8,infrastructure,718.49,0.0871,85.0225
231,0x138d9e809e386a7b800791d1f664f56d1c55f3d1,search,714.43,0.0866,85.1091
232,0x835d5e8314340ab852a2f979ab4cd53e994dbe38,reasoning,712.37,0.0863,85.1955
233,0xc0509a487a18b003ba05e505419ebb63e57a2915,media,705.87,0.0856,85.281
234,0x114bd151f8fb0c58642d2170da4ae7d7c5797726,reasoning,704.31,0.0854,85.3664
235,0x0a2d643bfd24a028cd236e76575d828424ccffbf,media,694.39,0.0842,85.4506
236,0x9a049b03f6fc40bfcf2f136320359257ed4af851,infrastructure,694.11,0.0841,85.5347
237,0xf0bc318fb8965cad8d73d578cd03c63b7987dc6a,data,693.11,0.084,85.6187
238,0x8ae4c23b80d1e7c8ff79e515fe791ebd68190bae,data,683.62,0.0829,85.7016
239,0x79bf08685d3138f9b109c3546780f056bc954fd6,reasoning,679.28,0.0823,85.7839
240,0x6af1f692e9496c6d0b668316eccb93276ae6b677,infrastructure,678.79,0.0823,85.8662
241,0x749fc650cacb0f06547520d53c31505c8156e0a3,reasoning,678.65,0.0823,85.9485
242,0x14063697603e22d600d336bee6cff12c8be93509,reasoning,672.39,0.0815,86.03
243,0x72440a20f54075ac43f51a2cf0dbb2a14366b38a,reasoning,671.56,0.0814,86.1114
244,0x82c01ce15b431d420eb6a1febfba7d7a2b69e5bc,reasoning,670.23,0.0812,86.1926
245,0x011af72a910ac4acf367eef9e6b761e0980842c3,data,669.51,0.0812,86.2738
246,0x37c20f19f3272b5ccc3a5d80587eb9deb3f4afcf,data,666.83,0.0808,86.3546
247,0x396f804443825586c1283a27fdcadf74abb82008,reasoning,665.85,0.0807,86.4353
248,0x766cb53c753baedac5dc782593e04694b3bae3ae,reasoning,665.79,0.0807,86.516
249,0x9f484139a27415ae2e8612bf6c65a8101a18eb5e,reasoning,663.83,0.0805,86.5965
250,0x1e472b39b105d349bcd069c4a711b44a2fffb8e2,data,662.07,0.0803,86.6767
251,0xc75d3f1f5bcd6914d0331ce5ec17c0db8f2070a2,reasoning,658.52,0.0798,86.7565
252,0xd6e5a20b30f87216b2c758f5e7a23c437dbc3dfa,media,656.1,0.0795,86.8361
253,0xe7866fdc6672f827c76f6124ca3eeaff44aff8b7,reasoning,653.92,0.0793,86.9153
254,0x9512d95d00d61bdec03d2b99d6ecc455ee5644ae,reasoning,653.1,0.0792,86.9945
255,0x9556b82499cc0aaf86aee7f0d253e17c61b7ef73,data,642.55,0.0779,87.0724
256,0x51e8ea280b44e16934d4d611901f3d3afc417898,data,637.88,0.0773,87.1497
257,0x4c970004b0678d439f177e77d3cabdb7e9a44df7,reasoning,634.03,0.0769,87.2265
258,0xa30f4ef42176d28f0e2293533c5f532e9c9c5696,reasoning,630.86,0.0765,87.303
259,0x7c252ab334fb8fd88e8242c4972c21db9c7ce0b4,social,630.68,0.0764,87.3795
260,0x39bb88f40d3aa2b2fe9dea67be27c74765db0ebb,reasoning,626.62,0.076,87.4554
261,0xe888a676e1926d0c08b5f11fb9116df58b62604b,data,624.62,0.0757,87.5311
262,0x9e6a72557ada15d02001f024f43f06edc4a31437,data,623.38,0.0756,87.6067
263,0x4be84111a613654b362415e563cb7607df7b203b,data,622.05,0.0754,87.6821
264,0xbba58959c32abe688d9cb5222b97de973002a67c,data,620.35,0.0752,87.7573
265,0x768b84ef05f655d57fe22d488451f075365f6cd1,search,618.81,0.075,87.8323
266,0xea5b27556fbb134def2c2fbf944d9cdda3dbdb6b,social,616.57,0.0747,87.907
267,0x8acc23987b8960d83c44541f9f0eb46454cea080,reasoning,615.78,0.0746,87.9817
268,0x8b496bf96bbcc9e5ac11c068b6cfb00c32f9d163,data,611.03,0.0741,88.0557
269,0xf747870ae666c39b589f577856a0f7198b3b8126,reasoning,607.34,0.0736,88.1293
270,0xd8d1790737d57ac4fe91a2c0a28087c0a97c81f5,data,605.9,0.0734,88.2028
271,0x3635a91e3da857f7847f68185a116a5260d2593f,media,603.18,0.0731,88.2759
272,0x1c6c0bb2c7ecdc3be8e134f79b9de45155258c1f,reasoning,602.12,0.073,88.3489
273,0x303c8bd55875dda240897db158acf70afe4226f3,data,600.67,0.0728,88.4217
274,0x718127812c05853f0bec61582a4a3840b1c844fe,infrastructure,593.99,0.072,88.4937
275,0x3a1dfb05d7257530e6349233688c3e121945c5de,reasoning,592.47,0.0718,88.5655
276,0xc76b405781134be1dab7fe45adfb8c32104805a0,data,591.33,0.0717,88.6372
277,0x27d719c754aacd492a6dc8a1b76619355abcf5ef,search,586.28,0.0711,88.7082
278,0xee62de25ccc2b55d3a0495244b246fb97055b6f1,reasoning,584.91,0.0709,88.7791
279,0xefd96aedf377e20afd95285a7c751a864260bd6a,reasoning,582.61,0.0706,88.8498
280,0x7f0a22117f8fe0172cf9209ff622b64a51aaeda2,reasoning,579.98,0.0703,88.9201
281,0x71a1c003a2b855d85582c8f6c7648c49d3fe8364,infrastructure,578.92,0.0702,88.9902
282,0x27e1615212f3c6ea846ed6c412df1361ce97f006,reasoning,576.34,0.0699,89.0601
283,0xe0850a775c17a87060c0cf6efad1020e0cbef5a4,reasoning,574.25,0.0696,89.1297
284,0x1e68ed4e3d58a51096a7feea3947f40debf1fd92,reasoning,572.12,0.0693,89.199
285,0xa0d177b4967a6d99f4ff117defe1c0d23d4e78ca,reasoning,571.23,0.0692,89.2683
286,0x00328ce57bbc14b33bd6695bc8eb32cdf2fb5f3a,media,565.88,0.0686,89.3369
287,0xd7cdaa5ca0582076c8e772cce739e32c5077cfd2,reasoning,564.42,0.0684,89.4053
288,0x23c657f2efda7731a3c1990b25f318fa2eb13322,media,563.84,0.0683,89.4736
289,0xaf180e4359fc6179dc953abdcbdcaf7c146b53e1,media,562.55,0.0682,89.5418
290,0x09895de0407bcb0386733daa14bdb5dfa5445055,social,560.12,0.0679,89.6097
291,0x33512007840ced1bb0aab68f47cb5f702abd494a,reasoning,559.91,0.0679,89.6776
292,0x6db6eb4af1e18ab81d3878e44672185d60ca8c98,social,558.95,0.0678,89.7453
293,0x7cb676d57114874e00c536916e6dcad2a5d3cb8c,media,555.74,0.0674,89.8127
294,0x2cfc8ccbd7c0b17615323b41e815651ff2ae9ffa,reasoning,555.18,0.0673,89.88
295,0x9cfd3c755be26b4e1645918e2a64a26e3d851ede,search,552.92,0.067,89.947
296,0xa0f8b2c4cb1ac82abdb37f0fe5203b97be556c44,social,552.92,0.067,90.014
297,0x4c15f47afe7f817fd559e12ddbc276f4930c5822,reasoning,550.75,0.0668,90.0808
298,0x76ebdb6d45c61ca12e622118cc90939ade672adf,infrastructure,550.4,0.0667,90.1475
299,0x308831041ea4863c3f87d222c31f759411898c87,data,548.15,0.0664,90.2139
300,0x983bd614bb5afece5ab3b6023f71147cd7b6bc23,media,547.85,0.0664,90.2804
301,0xc3ea99f86b2f8a74ef4145bb245155ff5f91cd85,trading,547.05,0.0663,90.3467
302,0xf32828acecb4282c87eaa554d2e1db74e418cd68,data,543.76,0.0659,90.4126
303,0x8bd9c0d453533757387ed019c45617cdc440ba68,search,540.61,0.0655,90.4781
304,0xd874e4e4a5df21173b0f83e313151f813bea4f48,reasoning,538.43,0.0653,90.5434
305,0x090d3859ff6840b2280f4708cf08cdaed873d967,search,537.96,0.0652,90.6086
306,0x38b83caefa1ef26940f1d07bd4ec94c60809b0f8,media,536.45,0.065,90.6736
307,0x6d976934be74941fba578b143ba964eded443d10,reasoning,536.05,0.065,90.7386
308,0x48a1706eca5ee6148f748ca91a0f7db6ebcf5994,data,532.91,0.0646,90.8032
309,0x43c727ee4fc7250574d2ef90cfa16626388a10e1,reasoning,531.8,0.0645,90.8676
310,0x226f76b55acb49701e06ded1d95165d179458f6f,reasoning,531.38,0.0644,90.932
311,0x20e9c64c05a54d199610fb7e38135361324b5ed5,reasoning,529.77,0.0642,90.9963
312,0x865736a1c30a82dc67aba820360a01b1d9d0da56,data,529.49,0.0642,91.0604
313,0x8efbbe9bc19ad2e043c6cdb187c0a0fedde70b64,reasoning,529.04,0.0641,91.1246
314,0x748064be03a08df81e31bd6f9e7e7c4cc9f84b44,reasoning,529.0,0.0641,91.1887
315,0x377adeb4cd4096adc7ca64b533938cffc6294a9b,search,524.84,0.0636,91.2523
316,0x7a20311cf7a4b222d436424480bc65dd0f9d2cef,search,524.02,0.0635,91.3158
317,0x8d1ede4f889e0ed6f0823d8c1821905b9de37a0f,search,523.68,0.0635,91.3793
318,0xaae02129362d611717b6c00ad8d73bf820a0f6d8,reasoning,521.49,0.0632,91.4425
319,0x156091ee0884f36de9836d58b6f05f357ec6ef06,social,520.99,0.0632,91.5057
320,0x88820462180e5c893eff2ed73f4ec33e205d1cd5,media,514.2,0.0623,91.568
321,0x8d23cf6c86e834a7aa6eded54c26ce2bb2e74903,reasoning,513.85,0.0623,91.6303
322,0xf10d91a7596bf5a6773579ff1306afdc363b0be0,reasoning,512.51,0.0621,91.6924
323,0x3949ac1596ec77106a709a618bf5adcb19b77537,media,512.32,0.0621,91.7545
324,0x1038e0b72d98745fac0fb015fd9c56704862adf1,reasoning,511.42,0.062,91.8165
325,0x9e11c362bc3d3572970b973d5cd86c073da358b6,data,511.16,0.062,91.8784
326,0xa4e987d17584557e2fbed011cddf66dc5185338b,trading,511.08,0.0619,91.9404
327,0x02cca3803b564ede11ccf9f303c9910b39c53206,reasoning,510.83,0.0619,92.0023
328,0x2452984f72ef1195df62ab3f23748777dbf39767,reasoning,509.8,0.0618,92.0641
329,0x0791963ca2667a23cf3268ad25d7bb6ca0ed287b,trading,509.78,0.0618,92.1259
330,0x5426d2ca50f244fb43fe9eafc82da08f33f3b4f8,media,509.74,0.0618,92.1877
331,0x0bba869d7f392cbcaca6b8935ddc7fc3a8c50846,reasoning,509.41,0.0617,92.2494
332,0x7104741a92e73eb6c5d69cd04cf0afbe50a8796a,social,509.33,0.0617,92.3112
333,0x556d7dc3a115356350f1f9910b1af1ab0e312d4b,social,508.71,0.0617,92.3728
334,0x058d5d43bf485bf78dda1ed4eaf8b78e3106f3c6,data,504.76,0.0612,92.434
335,0x7acc684a848a9b954959fdd22493f48cf44eed02,media,503.69,0.0611,92.4951
336,0xeaa0689a095d4394a05fb51b84b0175a47f68221,reasoning,500.47,0.0607,92.5557
337,0x8ede6b26343305e05c3c0029f4e830d4e8c20168,reasoning,499.93,0.0606,92.6163
338,0x5d8f6cce532a7aeb57196be62344095936793400,media,499.63,0.0606,92.6769
339,0xfc95ce176603e9e1d1ffee39023b31dd856e00ad,reasoning,498.4,0.0604,92.7373
340,0x9644294ac4ffb3091eef01219b3fe4fe467f0589,media,497.14,0.0603,92.7976
341,0x524b2d27a1e7fbc3a1614fa661e2dcad68462352,social,496.97,0.0602,92.8578
342,0x023849c38925e2af028a2eb4e1dc41afd7dc7a23,reasoning,496.16,0.0601,92.9179
343,0x3c15285c04fff40024bb8714b93e58178bf8d3be,media,495.91,0.0601,92.978
344,0x02e6295d8f522840f09b5194b3f023799ad6ed33,reasoning,495.23,0.06,93.0381
345,0xda70dfa4d9f95ac979f921e8e623358236313f33,social,494.91,0.06,93.0981
346,0x6aac0cf87a32e631536122c3f2f9a2df215f56f2,reasoning,494.81,0.06,93.158
347,0x2289b221b39605c3494e7290856218e931c00af5,media,494.43,0.0599,93.218
348,0x06b2d82840e43ed8432b3f444de18b57dbe60637,data,492.34,0.0597,93.2776
349,0x72ba187b05e705de2dced5824d716a71872dedcc,data,490.23,0.0594,93.3371
350,0xdeeeb5df3f2cee6bf4e597a8a3a878a6ce49b932,media,490.23,0.0594,93.3965
351,0x04a8708c3a481ced13845a30de522486895de059,search,487.93,0.0591,93.4556
352,0x9a72c24f2fd76561729110d804c69f38a7088f2e,media,487.72,0.0591,93.5148
353,0x459535faa370a3b5f8b87203b089623c7aeb9325,search,487.03,0.059,93.5738
354,0x09a1b036b82baba3177d83c27c1f7d0beacaac6d,trading,486.81,0.059,93.6328
355,0x355d8c0ee4e5698eaed38b96aab64dbf0ad72eca,data,486.74,0.059,93.6918
356,0x03a3d955b8799a90f1ff5a39479fde8e618f8ca3,data,484.6,0.0587,93.7505
357,0x2ab0ce7632a611e907a40710ff46da13c5ba832f,reasoning,483.71,0.0586,93.8092
358,0x62a0eae98b9fc0bd0ad941ae07ae5e2af545a64c,search,483.49,0.0586,93.8678
359,0x9197e4844abed2fea3569a2acf7b0d584c979c33,data,483.36,0.0586,93.9264
360,0x838f461c2fa673cec73e6eecdafa88b127802d6c,data,481.88,0.0584,93.9848
361,0x73daa9289ddd08a53ba86f065ddb07bf915aba20,reasoning,481.53,0.0584,94.0431
362,0x3963317a2b410e5357f4d839787aedb9ceef4955,social,481.17,0.0583,94.1015
363,0xa43231c2216f23db8d65bbd57e0ce6573654f9a1,data,480.83,0.0583,94.1597
364,0xb3dfdc6efe322a6feccb0d081e88ffac20b0f28e,media,480.61,0.0583,94.218
365,0x4e47eb5525df25f94da777993dafa41d9ab2bfa8,reasoning,480.11,0.0582,94.2762
366,0x600b4cdf20cc06a7b5a5cca5f746429686181551,trading,479.19,0.0581,94.3343
367,0x0788979fc9366e21cd56311511b897a222cf9171,reasoning,477.53,0.0579,94.3922
368,0x8e6aee9efac8086ebac545d45c63e0d0dfcddd0d,reasoning,477.42,0.0579,94.45
369,0x5f193b350c8aba4883dedf97367ef30808214706,social,474.96,0.0576,94.5076
370,0xf1607c19a0f910ca1b8dce18843bc34e46a533c8,infrastructure,471.23,0.0571,94.5647
371,0x9b15fed64ef16980f625aeed46ab4cd2c4986905,reasoning,468.99,0.0568,94.6216
372,0x62f77e7d6197863ac98d9e0cfa76bea0c8e05379,data,468.5,0.0568,94.6784
373,0xe52d08747b9d7a6d04551bb86ee3f7ee6c49f747,search,466.92,0.0566,94.7349
374,0x01299ac65733b5a3d774265fbfe8396b8611e5e3,social,466.34,0.0565,94.7915
375,0xde5872c6bb4494cebd250152ce148cd6231654e4,data,465.85,0.0565,94.8479
376,0x12e2c8df501501b2bb531e941a737ffa7a2a491e,data,463.23,0.0561,94.9041
377,0x2c4cf657337835125bc4258d0e2e546af4185bdb,search,462.67,0.0561,94.9602
378,0x21ef779311a43f0e067d0f4f600bb5451a8a7e09,search,462.51,0.0561,95.0162
379,0x64c212df34c66e6fe9fccbfebc8899c10584cfa1,search,461.08,0.0559,95.0721
380,0x2af4dd48399a5cf64c23fc7933e11aaf6171d800,media,460.36,0.0558,95.1279
381,0x392a52e4f77c40bf3321dc2feac356fac2a906a8,reasoning,459.87,0.0557,95.1837
382,0xf65ccfbfec288565c1d414275985547799fde0ed,infrastructure,457.88,0.0555,95.2392
383,0x48b361d46638bfa4eee090c158a750a69c7beec3,social,456.76,0.0554,95.2945
384,0x37b73510175057c633ebe4beb0a34917fa2a0696,search,454.65,0.0551,95.3496
385,0x131b0c35e2d7edef9dd63f48eff39341ef0a5f77,reasoning,453.52,0.055,95.4046
386,0x15a26c6fa5151c712acc7ee45a1fd525ab85b801,reasoning,452.86,0.0549,95.4595
387,0x25dac95b8f595046bc435139636b0e2f1ff6e0ea,search,451.59,0.0547,95.5142
388,0xab5e292db6495899871d889aaab28308f7da8dfc,reasoning,447.73,0.0543,95.5685
389,0xb98880883fd8d975260f1807fa46a5156fcc4cc8,trading,445.7,0.054,95.6225
390,0x48a1a756f2d83f1dc57bbf14052b70a6f40d0fce,data,445.65,0.054,95.6766
391,0xa934c244755c66aebb0d6f9f5687038ffae8f00b,search,445.21,0.054,95.7305
392,0x6ea2fdb3399f4d2e806beb01e9a3371bd622bed6,social,444.53,0.0539,95.7844
393,0x99a0b871c9047c4f5555fcf062e0623174bae387,data,442.89,0.0537,95.8381
394,0x04d19fde0a08b17aca69491e714bea43565384d1,reasoning,442.54,0.0536,95.8917
395,0xa3af7b3808c4cf72478d05c9bab9c0d47e31c1d2,media,442.21,0.0536,95.9453
396,0x3c1b7053f0edd447b778edbc0ad8359b0fa892d6,media,441.94,0.0536,95.9989
397,0x1d2028ddcd746a7ee87dd0739d7435602b77d490,data,440.76,0.0534,96.0523
398,0x188c1fdca79d927f6e812133173fc41d3a4e5707,media,440.52,0.0534,96.1057
399,0x0f78540965a86402578f8188c826c1cb6c7ddcb6,infrastructure,440.05,0.0533,96.1591
400,0x26d228663f13a88592a12d16cf9587caab0388b2,data,438.15,0.0531,96.2122
401,0xdcaadad1cfce437735b81ab025f776e5857e4855,reasoning,437.77,0.0531,96.2652
402,0xb7c7470e59e2a2df1bfd0a4705488ee6fe0c5c12,data,437.67,0.0531,96.3183
403,0xd26eae87829adde551bf4b852f9da6b8c3c2db9b,data,437.6,0.053,96.3713
404,0x6b3c238ebcf1f3c07cf0e556faa82c6b8fe96840,reasoning,437.15,0.053,96.4243
405,0xa73b320dc0d3a57c03f897eb28ca91e623c5ee63,reasoning,434.31,0.0526,96.477
406,0xf64f410744d9470ffe2d6b9ee6f042cdffcc42a7,media,433.87,0.0526,96.5295
407,0xa5abb1500bdeaef41e2edd598c015edfaa467930,data,433.23,0.0525,96.5821
408,0xe6f47e008cc58b38596e6fdf2f50a0fea93fd105,infrastructure,432.96,0.0525,96.6345
409,0x480f5a496560ae4228bb7977ecf29b2c589d7a7a,reasoning,432.78,0.0525,96.687
410,0x612111a352a571cbed3927ec6f74948849bcc9fe,reasoning,432.35,0.0524,96.7394
411,0x52f14fc33ef45dd80ac2626077948f44d8d211d5,search,427.87,0.0519,96.7913
412,0xfabf5b7fedb3e62a81c9298b19706249ee128011,social,426.7,0.0517,96.843
413,0x1c49f22f6de9bd15e5e566fa8983be4cfa4709ab,reasoning,425.72,0.0516,96.8946
414,0x8111eb1556229541d7d2720a51203037e78ee57f,reasoning,423.69,0.0514,96.9459
415,0xfc72c98a6c2916c1bbf9f39fce094f5785bb6f1d,reasoning,422.89,0.0513,96.9972
416,0x67e0bdb7b6c549d4fa834d0f6848ce6a3a12e07d,data,422.88,0.0513,97.0485
417,0xafcf8bc077e68eb94dfe783205f32cabdeead61f,data,420.73,0.051,97.0995
418,0x4c8d5b6c695d265fb63dd73f275a21043a5887b3,reasoning,420.53,0.051,97.1504
419,0xcc6aed2709b80e146bebc151f1cf1dec5e323b58,reasoning,418.98,0.0508,97.2012
420,0xdb55da3fc3098e9c42311c6013304ff36b19ef73,data,418.02,0.0507,97.2519
421,0x5092c37bcbc9f0fb33cb0f9cab7aa5ae94ed0f12,infrastructure,418.0,0.0507,97.3026
422,0x5658b88806a236b6439a7ecd0a87af2475a02a84,media,418.0,0.0507,97.3532
423,0x814bb6b8dc12188a44b71e378dc20a4292e01979,data,416.85,0.0505,97.4037
424,0x814fd2e8e45e9a6d3e1f6ff86867aaf2251ccd07,reasoning,414.71,0.0503,97.454
425,0x0dfcddb0440e967f05bb68ca09a5e2188b8abc36,reasoning,414.65,0.0503,97.5043
426,0x9be3da431e0a833d2b07781de97ebbd0b14c274d,reasoning,413.74,0.0501,97.5544
427,0x42f25adecf47629878e89e31b2073d1af009c9c7,search,413.69,0.0501,97.6046
428,0xcbf2f7864f1c988391a9ab199627a29bd60987da,social,413.11,0.0501,97.6546
429,0x2d1007980f49215311f7f1012e84f99b801eb5da,infrastructure,412.76,0.05,97.7047
430,0xfed88b40aba63cac05eadd5db0088c036005ec23,trading,411.19,0.0498,97.7545
431,0x0a1f1256f9bac68e806442aa76455bb761af5414,trading,410.67,0.0498,97.8043
432,0x98f1f17f9a73ccfe3e25940add8d9ce9bf055131,infrastructure,407.06,0.0493,97.8536
433,0xaaf01d71b55e51b1a3051cbb3cdc0646578dcda7,reasoning,406.37,0.0493,97.9029
434,0xea415bf50eb65ade427d8d80222df4627e28cd9a,reasoning,405.89,0.0492,97.9521
435,0x5f2703a5211db19a9020f7443f6a440fbc95cda9,reasoning,405.35,0.0491,98.0012
436,0x155d1cf609cedded2fbc27a4646de87ce7f7de29,data,405.05,0.0491,98.0503
437,0x0ef962215cc055786d516355238a80dacc204ecf,reasoning,404.88,0.0491,98.0994
438,0x18d37c950a3e810d9b9a84c72c230ca16b7cec19,social,403.59,0.0489,98.1483
439,0x050a010ce24d0896056e9a36a1940738d38f469d,media,403.54,0.0489,98.1972
440,0xe3f6959781c353c201d378e02d9da532601673e0,data,402.96,0.0488,98.2461
441,0x2dfe70c43208f52b9ef4ea7e1347052839471164,reasoning,402.64,0.0488,98.2949
442,0x5627b4a8f9efbd8fbdadaf4177824186f8c734f3,reasoning,401.04,0.0486,98.3435
443,0x6d05621ab7cb7b4fb796ca2ffbe1a141e0d4319d,reasoning,401.01,0.0486,98.3921
444,0x3538a1ef2e113da64249eea7bd068b585ec7ce5d,social,400.27,0.0485,98.4406
445,0x0e12831a7047f759733b21f028525039607350b1,media,399.8,0.0485,98.4891
446,0x75c3e223190bf1a1fa2af808d1dfcdffe33727d5,search,399.67,0.0484,98.5375
447,0xc498f3fe97c0df55ee8dea01a72572059b93f42d,reasoning,399.38,0.0484,98.5859
448,0xa4ecdd704d258aa841bb3f9a1e3b0cafc59bd888,data,399.09,0.0484,98.6343
449,0x4a30a219a9d7663fdd35c0a5df49c8d55018f13a,data,398.86,0.0483,98.6826
450,0x83151157c10d85af7c84657c71c3e3603d955160,search,398.04,0.0482,98.7309
451,0xcaa1aedb2a6ce96b39b9fde1a49e1ebcb431b6da,search,398.01,0.0482,98.7791
452,0x549a2fac47d713cc00f2db498ad6b5574fb03c92,reasoning,398.0,0.0482,98.8274
453,0xd83c7ee736be931d85b78a4a60881ced3ff9a31b,infrastructure,397.96,0.0482,98.8756
454,0x48f89b630677c2cbb70e2ba05bf7a3633294e368,reasoning,394.73,0.0478,98.9235
455,0xf626051bc94422f26f4b774a2bca105e122df36a,social,394.61,0.0478,98.9713
456,0xb3a8e0e1f9ab1bfe3a36f231f676f78bb30a519d,reasoning,394.5,0.0478,99.0191
457,0x353767b239099863e13ca954e20a66c9d75f777b,reasoning,394.04,0.0478,99.0669
458,0xad21a2b810af49a8b9241e10dfce3a016987441c,social,394.01,0.0478,99.1146
459,0x42f0bec3310ddd8a55e8d62817337ca49c55a898,reasoning,392.54,0.0476,99.1622
460,0x841a05fd378a2c067058585e3691c2a3f5399206,data,391.11,0.0474,99.2096
461,0xde482c7ed5ca67ae135ef25bf3b13194970a2f39,data,390.87,0.0474,99.257
462,0xda4d43f295ce92630829272fad6d2e7237c6248e,reasoning,389.54,0.0472,99.3042
463,0x06de973bb45531d52cdbd483c5e50bcddaa2095f,search,389.07,0.0472,99.3514
464,0x88b54564b232405ab2165996517fece1149259cf,social,388.07,0.047,99.3984
465,0xad3b83575249b68aab9602de378314fc221ab07a,social,387.02,0.0469,99.4453
466,0x826e27285307a923759de350de081d6218a04f4c,data,386.62,0.0469,99.4922
467,0xe078af3026edb42cc26b32784baa142a79970078,data,385.7,0.0468,99.5389
468,0x1e5ee5e58c8f490ae68e7e91b1575ebefc2bf6c2,reasoning,383.93,0.0465,99.5855
469,0xc6bd343ae0007cdb979de7540f2668fe849d68ff,reasoning,383.79,0.0465,99.632
470,0x30eec89ddd9c342ef28a87f731d6e50ba977baf1,reasoning,382.7,0.0464,99.6784
471,0x064c3e311ef63912b0cc91db9681ce2d301c3e76,infrastructure,381.26,0.0462,99.7246
472,0xb6cb293891dd62748d85aa2e00eb97e267870905,social,381.26,0.0462,99.7708
473,0x3a8f6d79cd434dc10588606993976b7b2bc038ff,search,380.08,0.0461,99.8169
474,0x98144d79af44407273f26589afc01901b7b296de,data,378.49,0.0459,99.8628
475,0xb1585fdb272b31401eaac5dd46a936c1c09b4861,data,377.97,0.0458,99.9086
476,0xe73cb135243c08ab2c2adc333b150b9237093315,data,377.24,0.0457,99.9543
477,0x6e82b8197ce29396936a07b1eb951c88650a2fc0,data,376.97,0.0457,100.0
